"basin","path","min_Low","min_Moderate","min_High","max_Low","max_Moderate","max_High"
"Humid, Forested Basin","Surface",0.480745579277546,1.39462623970714,2.58839424296903,7.61591806435139,20.6913314635466,37.1381010997665
"Humid, Forested Basin","Lateral",-5.88253831746946,-16.4858256131744,-31.1110722762275,-0.374896352081301,-1.17037138051181,-2.27583310084498
"Humid, Forested Basin","Shallow Groundwater",-1.25968900988878,-2.62506481680374,-3.31787115096683,-0.0836774021198039,-0.189544087675724,-0.23945297533341
"Humid, Forested Basin","Deep Groundwater",-0.473690736993147,-1.63727866793206,-2.84893364433081,-0.0221718250764429,-0.0347107715196096,-0.0731081667906448
"Semi-Arid, Mixed Land Use Basin","Surface",0.203330978914404,0.724516982143387,1.77437371596231,1.14255382296975,4.85727868159311,14.2370187034796
"Semi-Arid, Mixed Land Use Basin","Lateral",-0.288951955111987,-4.59730717545348,-14.4541442071417,0.0952130203984289,-0.580613491479507,-1.89572663858495
"Semi-Arid, Mixed Land Use Basin","Shallow Groundwater",-3.65948467050543,-1.91540117475346,-0.605398204229068,-0.285129874308581,-0.161257828626074,0.430444325792198
"Semi-Arid, Mixed Land Use Basin","Deep Groundwater",0.0142270193529654,0.0213167967683532,-0.307001545638855,2.65998480673018,1.65542966861383,0.424356470053759
