"basin","sev","model","r2","F_stat","p_val","int","c1","c2","c3","thresh"
"Humid, Forested Basin","LOW","cubic",0.998530847279838,3851.4317744285,1.67111150224129e-25,26.665855854051,0.0523761310385031,0.00179815960029483,-9.91611427115966e-06,37.5
"Humid, Forested Basin","MOD","cubic",0.997836130964237,2613.09933673348,4.55495465951601e-24,26.7464215725552,0.0957802480118645,0.00186192329729546,-8.15676212317584e-06,27.6
"Humid, Forested Basin","HIGH","x+x2",0.99666427282857,2689.06238264472,1.04695812009074e-23,26.7556883754716,0.143727090123071,0.000922032345553809,NA,23.5
"Semi-Arid, Mixed Land Use Basin","LOW","cubic",0.987076660199159,432.816477318916,1.76482514586801e-17,3.55838607499607,0.0493430698651387,-0.000447905699504612,3.12938222006957e-06,24.7
"Semi-Arid, Mixed Land Use Basin","MOD","cubic",0.989289426050018,523.405509402481,3.65027091306378e-18,3.58658664783909,0.0963376281683414,-0.000816596304916209,6.5346986611633e-06,11
"Semi-Arid, Mixed Land Use Basin","HIGH","cubic",0.984300978566232,355.290014013948,9.97744725401045e-17,3.60379898113481,0.133694075979905,-0.00124266068750986,1.0862934014194e-05,7.6
