basin,sev,model,r2,F_stat,p_val,int,c1,c2,c3,thresh
"Humid, Forested Basin",LOW,x2+x3,0.170331893,1.847711174,0.66878199,0.084173018,-5.74E-07,5.82E-09,-9999,-9999
"Humid, Forested Basin",MOD,x2+x3,0.566040233,11.73924979,0.148248015,0.083936201,-1.60E-06,1.59E-08,-9999,-9999
"Humid, Forested Basin",HIGH,x4,0.958233172,435.9064614,1.46E-14,0.083594871,1.10E-10,-9999,-9999,70.3
"Semi-Arid, Mixed Land Use Basin",LOW,x3,0.927322304,242.4282094,2.85E-12,0.047929264,1.16E-08,-9999,-9999,66.2
"Semi-Arid, Mixed Land Use Basin",MOD,x2+x3,0.962715125,232.3847452,2.64E-14,0.047896441,1.13E-06,2.18E-09,-9999,52.3
"Semi-Arid, Mixed Land Use Basin",HIGH,x2+x3,0.993155925,1306.00605,6.82E-21,0.047386719,2.50E-06,-1.03E-08,-9999,43.7
