"basin","sev","model","r2","F_stat","p_val","int","c1","c2","c3","thresh"
"Humid, Forested Basin","LOW","x4",0.79859139940255,75.3355941287472,4.8904446888987e-08,0.232377769707553,4.22868220935626e-11,NA,NA,NA
"Humid, Forested Basin","MOD","cubic",0.989360555668919,526.942602232164,4.10763863463822e-18,0.232220329693361,-0.000278026244641724,1.84388022797332e-05,-1.12037312401633e-07,28.7
"Humid, Forested Basin","HIGH","x2+x3",0.986779554129424,671.763726738655,5.78053807744475e-18,0.227632377752692,3.45515162077778e-05,-2.41041269286511e-07,NA,17.4
"Semi-Arid, Mixed Land Use Basin","LOW","cubic",0.733093132128974,15.564209525717,0.326910043669907,0.251498117296635,0.000485129129573921,-1.73338167860193e-05,1.34270039745559e-07,NA
"Semi-Arid, Mixed Land Use Basin","MOD","x4",0.763664040934265,61.3940292247922,2.2789393409104e-07,0.253279214463163,1.94266220874178e-10,NA,NA,90.9
"Semi-Arid, Mixed Land Use Basin","HIGH","x+x2",0.969660342670283,287.641451885638,4.81129397774048e-15,0.24800196384108,0.000427863519726533,4.31806091999374e-06,NA,32.6
