"basin","sev","model","r2","F_stat","p_val","int","c1","c2","c3","thresh"
"Humid, Forested Basin","LOW","cubic",0.979699172886423,273.468101338759,9.68457723686878e-16,0.345789102416843,-0.00102002000830697,-3.70444971671016e-06,5.75245306611615e-08,NA
"Humid, Forested Basin","MOD","cubic",0.981817990400551,305.99671881733,3.27031197943742e-16,0.342641710534565,-0.000983726470279265,-1.24059975031434e-05,1.02420487222732e-07,NA
"Humid, Forested Basin","HIGH","x2+x3",0.898643319805573,79.79533132632,2.22389941012511e-10,0.346216607841976,-9.99343563864284e-06,1.98321222898866e-08,NA,NA
"Semi-Arid, Mixed Land Use Basin","LOW","cubic",0.977619479336546,247.529706727811,2.59216737591617e-15,0.202951166223444,0.00207054649927384,-2.97833598604807e-05,1.78329783627419e-07,7.3
"Semi-Arid, Mixed Land Use Basin","MOD","cubic",0.911112630025042,58.0844226980332,7.97814958041094e-10,0.216529712699269,0.00400108631235781,-7.31377320926011e-05,4.5376240152909e-07,0
"Semi-Arid, Mixed Land Use Basin","HIGH","cubic",0.81966649276576,25.7565932342572,2.01778124055969e-07,0.239957288637159,0.00541377546182956,-9.75731903349548e-05,6.26059808051421e-07,0
