"basin","sev","model","r2","F_stat","p_val","int","c1","c2","c3","thresh"
"Humid, Forested Basin","LOW","linear",0.983238410183368,1114.54402582663,2.46130050595119e-18,483.028730272868,0.301978996746874,NA,NA,34.9
"Humid, Forested Basin","MOD","cubic",0.948054969425936,103.423011480447,4.48683868399649e-12,483.243015396715,-0.260488306326388,0.0049193432484566,-3.84880101800767e-05,NA
"Humid, Forested Basin","HIGH","cubic",0.987960907704617,465.022196549343,9.93010568433724e-18,484.472161390635,-1.12247637915017,0.0120846821202897,-8.56104958727182e-05,NA
"Semi-Arid, Mixed Land Use Basin","LOW","cubic",0.9270694950821,72.0328730944496,1.01406722284755e-10,371.317417112102,0.462704952352019,-0.00924252989259805,7.89158162111355e-05,85.6
"Semi-Arid, Mixed Land Use Basin","MOD","x2+x3",0.936758405310467,133.311401921203,1.03504605902112e-11,372.189247650781,-0.00538047119866631,3.93546106894153e-05,NA,NA
"Semi-Arid, Mixed Land Use Basin","HIGH","x+x2",0.974998986920114,350.98541224079,8.00178464445258e-16,372.80892963407,-0.462399718204047,-0.00329472989899849,NA,NA
