"basin","sev","model","r2","F_stat","p_val","int","c1","c2","c3","thresh"
"Humid, Forested Basin","LOW","cubic",0.997024174863284,1898.56708576419,6.8930667396483e-23,0.546448235240907,0.00133308582271766,4.68801582892594e-05,-2.33491089833315e-07,19.3
"Humid, Forested Basin","MOD","x+x2",0.994854704540144,1740.17068810097,5.01511308042411e-22,0.540596801287858,0.00358478420607235,1.68561489760103e-05,NA,12.5
"Humid, Forested Basin","HIGH","x+x2",0.99331844827394,1337.99249051637,5.18020469563202e-21,0.550731947597181,0.00430082424447254,1.62912382341483e-05,NA,8.4
"Semi-Arid, Mixed Land Use Basin","LOW","cubic",0.984433743942699,358.368631596914,8.58359834431272e-17,0.203204146966011,0.00209468688830393,-1.9279103560218e-05,1.30151768970901e-07,14
"Semi-Arid, Mixed Land Use Basin","MOD","cubic",0.989592291137777,538.801548353733,2.8163446626461e-18,0.205470852370623,0.00480347235565815,-4.16488183868184e-05,3.11174718900356e-07,5.2
"Semi-Arid, Mixed Land Use Basin","HIGH","cubic",0.985064495451118,373.742455276315,6.27192531546651e-17,0.207895785456602,0.00712748237455476,-6.86105830388515e-05,5.37728547699987e-07,3.1
