"basin","sev","model","r2","F_stat","p_val","int","c1","c2","c3","thresh"
"Humid, Forested Basin","LOW","cubic",0.991810637450995,686.287882024663,3.63013312891331e-19,0.724569294222649,3.85840192475898e-05,9.6699071801865e-07,-5.49887833324214e-09,53.1
"Humid, Forested Basin","MOD","x+x2",0.997219899603064,3228.29316031909,1.86470147347909e-24,0.724378299125469,0.000276162775974279,4.4003416315941e-07,NA,14.7
"Humid, Forested Basin","HIGH","x+x2",0.996822201813432,2823.14964312153,6.22501445944573e-24,0.72447920191934,0.000393950182824444,6.86032627962416e-07,NA,10.1
"Semi-Arid, Mixed Land Use Basin","LOW","cubic",0.992590149903099,759.081147737368,1.55007952385667e-19,0.478005370467017,-0.000242082832469645,1.2406323853178e-06,-1.12027939258567e-08,NA
"Semi-Arid, Mixed Land Use Basin","MOD","x3",0.900731853636948,172.400773522169,5.58463687305983e-11,0.477257382867406,-8.83734711996727e-09,NA,NA,NA
"Semi-Arid, Mixed Land Use Basin","HIGH","x+x2",0.633001294279517,15.5232472477836,0.000140658251346782,0.477344663881325,0.000252646972219421,-1.72439128220294e-06,NA,NA
