basin,sev,model,r2,F_stat,p_val,int,c1,c2,c3,thresh
"Humid, Forested Basin",LOW,cubic,0.991810637,686.287882,3.63E-19,0.724569294,3.86E-05,9.67E-07,-5.50E-09,53.1
"Humid, Forested Basin",MOD,x+x2,0.9972199,3228.29316,1.86E-24,0.724378299,0.000276163,4.40E-07,-9999,14.7
"Humid, Forested Basin",HIGH,x+x2,0.996822202,2823.149643,6.23E-24,0.724479202,0.00039395,6.86E-07,-9999,10.1
"Semi-Arid, Mixed Land Use Basin",LOW,cubic,0.99259015,759.0811477,1.55E-19,0.47800537,-0.000242083,1.24E-06,-1.12E-08,-9999
"Semi-Arid, Mixed Land Use Basin",MOD,x3,0.900731854,172.4007735,5.58E-11,0.477257383,-8.84E-09,-9999,-9999,-9999
"Semi-Arid, Mixed Land Use Basin",HIGH,x+x2,0.633001294,15.52324725,0.000140658,0.477344664,0.000252647,-1.72E-06,-9999,-9999
