"basin","sev","min","max","mean"
"Humid, Forested Basin","UNBURN",0,0,0
"Humid, Forested Basin","LOW",-0.00230189286666667,0.0006462629,-0.000720581513333337
"Humid, Forested Basin","MOD",-0.00392696253333334,-0.000560716766666677,-0.00184334932333334
"Humid, Forested Basin","HIGH",-0.0012233807,0.00939712259999999,0.00160310569666666
"Semi-Arid, Mixed Land Use Basin","UNBURN",0,0,0
"Semi-Arid, Mixed Land Use Basin","LOW",-7.95031666666612e-05,0.0121895363666667,0.00335559659333334
"Semi-Arid, Mixed Land Use Basin","MOD",0.000126892533333332,0.0140980672666667,0.00479764781333334
"Semi-Arid, Mixed Land Use Basin","HIGH",-0.000384157266666664,0.0141961511333333,0.00573834676333333
