basin,path,min_Low,min_Moderate,min_High,max_Low,max_Moderate,max_High
"Humid, Forested Basin",Surface,0.480745579,1.39462624,2.588394243,7.615918064,20.69133146,37.1381011
"Humid, Forested Basin",Lateral,-5.882538317,-16.48582561,-31.11107228,-0.374896352,-1.170371381,-2.275833101
"Humid, Forested Basin",Shallow Groundwater,-1.25968901,-2.625064817,-3.317871151,-0.083677402,-0.189544088,-0.239452975
"Humid, Forested Basin",Deep Groundwater,-0.473690737,-1.637278668,-2.848933644,-0.022171825,-0.034710772,-0.073108167
"Semi-Arid, Mixed Land Use Basin",Surface,0.203330979,0.724516982,1.774373716,1.142553823,4.857278682,14.2370187
"Semi-Arid, Mixed Land Use Basin",Lateral,-0.288951955,-4.597307175,-14.45414421,0.09521302,-0.580613491,-1.895726639
"Semi-Arid, Mixed Land Use Basin",Shallow Groundwater,-3.659484671,-1.915401175,-0.605398204,-0.285129874,-0.161257829,0.430444326
"Semi-Arid, Mixed Land Use Basin",Deep Groundwater,0.014227019,0.021316797,-0.307001546,2.659984807,1.655429669,0.42435647
