"basin","sev","min","max","mean"
"Humid, Forested Basin","UNBURN",0,0,0
"Humid, Forested Basin","LOW",0.0637728530720727,1.26055455749487,0.624679748333365
"Humid, Forested Basin","MOD",0.224602297317274,4.53044508671377,2.25982103524519
"Humid, Forested Basin","HIGH",0.343837257687946,6.53140543918688,3.21844891321861
"Semi-Arid, Mixed Land Use Basin","UNBURN",0,0,0
"Semi-Arid, Mixed Land Use Basin","LOW",-5.16540060436347,-0.171792095221893,-2.42966028591855
"Semi-Arid, Mixed Land Use Basin","MOD",-1.67770679452035,0.0751663504173257,-0.477919363242001
"Semi-Arid, Mixed Land Use Basin","HIGH",0.154673597539466,2.81711065345471,1.8323984767611
