basin,sev,model,r2,F_stat,p_val,int,c1,c2,c3,thresh
"Humid, Forested Basin",LOW,linear,0.98323841,1114.544026,2.46E-18,483.0287303,0.301978997,-9999,-9999,34.9
"Humid, Forested Basin",MOD,cubic,0.948054969,103.4230115,4.49E-12,483.2430154,-0.260488306,0.004919343,-3.85E-05,-9999
"Humid, Forested Basin",HIGH,cubic,0.987960908,465.0221965,9.93E-18,484.4721614,-1.122476379,0.012084682,-8.56E-05,-9999
"Semi-Arid, Mixed Land Use Basin",LOW,cubic,0.927069495,72.03287309,1.01E-10,371.3174171,0.462704952,-0.00924253,7.89E-05,85.6
"Semi-Arid, Mixed Land Use Basin",MOD,x2+x3,0.936758405,133.3114019,1.04E-11,372.1892477,-0.005380471,3.94E-05,-9999,-9999
"Semi-Arid, Mixed Land Use Basin",HIGH,x+x2,0.974998987,350.9854122,8.00E-16,372.8089296,-0.462399718,-0.00329473,-9999,-9999
