basin,sev,model,r2,F_stat,p_val,int,c1,c2,c3,thresh
"Humid, Forested Basin",LOW,cubic,0.997024175,1898.567086,6.89E-23,0.546448235,0.001333086,4.69E-05,-2.33E-07,19.3
"Humid, Forested Basin",MOD,x+x2,0.994854705,1740.170688,5.02E-22,0.540596801,0.003584784,1.69E-05,-9999,12.5
"Humid, Forested Basin",HIGH,x+x2,0.993318448,1337.992491,5.18E-21,0.550731948,0.004300824,1.63E-05,-9999,8.4
"Semi-Arid, Mixed Land Use Basin",LOW,cubic,0.984433744,358.3686316,8.58E-17,0.203204147,0.002094687,-1.93E-05,1.30E-07,14
"Semi-Arid, Mixed Land Use Basin",MOD,cubic,0.989592291,538.8015484,2.82E-18,0.205470852,0.004803472,-4.16E-05,3.11E-07,5.2
"Semi-Arid, Mixed Land Use Basin",HIGH,cubic,0.985064495,373.7424553,6.27E-17,0.207895785,0.007127482,-6.86E-05,5.38E-07,3.1
