"basin","sev","model","r2","F_stat","p_val","int","c1","c2","c3","thresh"
"Humid, Forested Basin","LOW","x2+x3",0.170331879735413,1.84771100657675,0.668782107186409,0.0841730178843684,-5.74277175690464e-07,5.81573499254985e-09,NA,NA
"Humid, Forested Basin","MOD","x2+x3",0.566040240000073,11.7392501092763,0.148248013115096,0.083936200669334,-1.5993296811768e-06,1.59493589102065e-08,NA,NA
"Humid, Forested Basin","HIGH","x4",0.958233171844767,435.906461400025,1.45585403335324e-14,0.0835948707622471,1.10490474819844e-10,NA,NA,70.3
"Semi-Arid, Mixed Land Use Basin","LOW","x3",0.927322304879145,242.428213544819,2.85062140600773e-12,0.047929264025092,1.16018151236124e-08,NA,NA,66.2
"Semi-Arid, Mixed Land Use Basin","MOD","x2+x3",0.962715125771817,232.384748810469,2.64285710953272e-14,0.0478964409402072,1.13224741956082e-06,2.17745785347075e-09,NA,52.3
"Semi-Arid, Mixed Land Use Basin","HIGH","x2+x3",0.993155924404937,1306.00593104097,6.82351664056794e-21,0.0473867188800827,2.50003895448558e-06,-1.03053268965574e-08,NA,43.7
