"basin","sev","model","r2","F_stat","p_val","int","c1","c2","c3","thresh"
"Humid, Forested Basin","LOW","linear",0.13236494890335,2.89860814865062,0.104960695643886,9.84097496326108,0.138756986109807,NA,NA,0
"Humid, Forested Basin","MOD","linear",0.722959622833307,49.5820608328433,1.05640553356466e-06,9.07358304597976,0.572187443183809,NA,NA,0
"Humid, Forested Basin","HIGH","linear",0.84612442086147,104.476383363567,3.69450306402023e-09,8.52208699363943,0.828342022702315,NA,NA,0
"Semi-Arid, Mixed Land Use Basin","LOW","linear",0.520577696231236,20.6310306188094,0.000222836158200368,5.10334166139896,-0.280917560912467,NA,NA,0
"Semi-Arid, Mixed Land Use Basin","MOD","x3",0.302491752402148,8.23982127155352,0.00979240586723046,1.44314189246702,-1.77418896897119e-05,NA,NA,0
"Semi-Arid, Mixed Land Use Basin","HIGH","x4",0.0598822832102485,1.21023501703582,0.285029094100721,5.09733048585244,-7.13859157447185e-08,NA,NA,0
