basin,sev,model,r2,F_stat,p_val,int,c1,c2,c3,thresh
"Humid, Forested Basin",LOW,linear,0.602946139,28.85244989,3.49E-05,2.199376645,0.000806712,-9999,-9999,84.8
"Humid, Forested Basin",MOD,cubic,0.899438204,50.68342728,1.15E-09,2.190113058,0.004847577,-8.89E-05,7.01E-07,25.7
"Humid, Forested Basin",HIGH,cubic,0.986261295,406.7933499,3.88E-17,2.196942241,0.009074819,-0.000122594,1.09E-06,8.8
"Semi-Arid, Mixed Land Use Basin",LOW,x3,0.913840967,201.5224386,1.44E-11,0.645599298,1.29E-07,-9999,-9999,93.5
"Semi-Arid, Mixed Land Use Basin",MOD,x+x2,0.943888568,151.3951217,2.82E-12,0.645724132,-0.000380368,1.67E-05,-9999,91.6
"Semi-Arid, Mixed Land Use Basin",HIGH,cubic,0.958520327,130.946433,8.10E-13,0.643469849,-0.001445476,4.66E-05,-2.40E-07,-9999
