"basin","sev","model","r2","F_stat","p_val","int","c1","c2","c3","thresh"
"Humid, Forested Basin","LOW","cubic",0.998530847279838,3851.4317744285,1.67111150224129e-25,26.665855854051,0.0523761310385031,0.00179815960029483,-9.91611427115966e-06,37.5
"Humid, Forested Basin","MOD","cubic",0.997836130964237,2613.09933673348,4.55495465951601e-24,26.7464215725552,0.0957802480118645,0.00186192329729546,-8.15676212317584e-06,27.6
"Humid, Forested Basin","HIGH","x+x2",0.99666427282857,2689.06238264472,1.04695812009074e-23,26.7556883754716,0.143727090123071,0.000922032345553809,NA,23.5
"Semi-Arid, Mixed Land Use Basin","LOW","cubic",0.987076660199144,432.816477318408,1.76482514588591e-17,3.55838607499517,0.0493430698651863,-0.000447905699505918,3.12938222008036e-06,24.7
"Semi-Arid, Mixed Land Use Basin","MOD","cubic",0.989289426050195,523.405509411234,3.65027091255489e-18,3.58658664783524,0.0963376281689053,-0.000816596304931202,6.53469866126945e-06,11
"Semi-Arid, Mixed Land Use Basin","HIGH","cubic",0.984300978566275,355.290014014943,9.97744725376509e-17,3.6037989811336,0.133694075979619,-0.00124266068749749,1.08629340141089e-05,7.6
