"basin","sev","model","r2","F_stat","p_val","int","c1","c2","c3","thresh"
"Humid, Forested Basin","LOW","linear",0.602946138770618,28.8524498947601,3.49152256715266e-05,2.19937664518845,0.00080671243444289,NA,NA,84.8
"Humid, Forested Basin","MOD","cubic",0.899438203742588,50.6834272811529,1.14567824331418e-09,2.19011305772891,0.00484757671960525,-8.89163094108004e-05,7.00906257740674e-07,25.7
"Humid, Forested Basin","HIGH","cubic",0.986261294576206,406.793349897385,3.878959733356e-17,2.19694224060829,0.00907481912239185,-0.000122593797524194,1.08911119739464e-06,8.8
"Semi-Arid, Mixed Land Use Basin","LOW","x3",0.913840967280913,201.522438569472,1.44491848098097e-11,0.645599298172831,1.28705992635523e-07,NA,NA,93.5
"Semi-Arid, Mixed Land Use Basin","MOD","x+x2",0.943888567778901,151.395121702416,2.81895857587711e-12,0.64572413156851,-0.00038036797125397,1.66806317843524e-05,NA,91.6
"Semi-Arid, Mixed Land Use Basin","HIGH","cubic",0.958520327254858,130.946432995029,8.10163668889854e-13,0.643469848999039,-0.00144547606046041,4.65664554651752e-05,-2.40315215308077e-07,NA
