"basin","sev","model","r2","F_stat","p_val","int","c1","c2","c3","thresh"
"Humid, Forested Basin","LOW","cubic",0.997024174852607,1898.56707893186,6.89306695120257e-23,0.546448235288144,0.00133308582019222,4.68801583253422e-05,-2.33491089955346e-07,19.3
"Humid, Forested Basin","MOD","x+x2",0.994854704537364,1740.17068715602,5.01511310489012e-22,0.540596801286778,0.00358478420575862,1.6856148977459e-05,NA,12.5
"Humid, Forested Basin","HIGH","x+x2",0.993318448275896,1337.99249091083,5.180204681844e-21,0.550731947617915,0.00430082424470004,1.62912382290919e-05,NA,8.4
"Semi-Arid, Mixed Land Use Basin","LOW","cubic",0.984433743929756,358.368631294217,8.5835984003246e-17,0.203204147006515,0.00209468688293985,-1.92791034207904e-05,1.3015176805136e-07,14
"Semi-Arid, Mixed Land Use Basin","MOD","cubic",0.989592291123162,538.801547589172,2.81634469625742e-18,0.205470852421054,0.00480347235405522,-4.16488183646771e-05,3.11174718758933e-07,5.2
"Semi-Arid, Mixed Land Use Basin","HIGH","cubic",0.985064495447268,373.742455178504,6.27192532856787e-17,0.207895785488381,0.00712748236873009,-6.86105828991302e-05,5.37728546821718e-07,3.1
