basin,sev,model,r2,F_stat,p_val,int,c1,c2,c3,thresh
"Humid, Forested Basin",LOW,cubic,0.998530847,3851.431774,1.67E-25,26.66585585,0.052376131,0.00179816,-9.92E-06,37.5
"Humid, Forested Basin",MOD,cubic,0.997836131,2613.099337,4.55E-24,26.74642157,0.095780248,0.001861923,-8.16E-06,27.6
"Humid, Forested Basin",HIGH,x+x2,0.996664273,2689.062383,1.05E-23,26.75568838,0.14372709,0.000922032,-9999,23.5
"Semi-Arid, Mixed Land Use Basin",LOW,cubic,0.98707666,432.8164773,1.76E-17,3.558386075,0.04934307,-0.000447906,3.13E-06,24.7
"Semi-Arid, Mixed Land Use Basin",MOD,cubic,0.989289426,523.4055094,3.65E-18,3.586586648,0.096337628,-0.000816596,6.53E-06,11
"Semi-Arid, Mixed Land Use Basin",HIGH,cubic,0.984300979,355.290014,9.98E-17,3.603798981,0.133694076,-0.001242661,1.09E-05,7.6
